mse,rmse,r2,iterations,learning_rate,depth,l2_leaf_reg
0.21587915551948375,0.4646279753948139,0.8940745963607843,94.0,0.23571800547917576,3.0,3.8723599581775257
0.10083588234625951,0.3175466616833808,0.9701866009479286,100.0,0.2804052682298875,7.0,4.878028799010506
0.3587977955062822,0.5989973251244802,0.8009370169565904,89.0,0.22818865745810188,4.0,1.739722638973984
0.1844777841076536,0.4295087706993346,0.9007483853986981,100.0,0.292736544787487,7.0,3.2310666246187294
0.26230391235893524,0.512156140604538,0.8817891752485524,98.0,0.2729150787923739,4.0,1.2406216206874792
0.18780766473279706,0.4333678169093744,0.9261457928992864,98.0,0.2563189842705253,5.0,1.0960130271809674
0.16873035066867564,0.4107680010281663,0.945882018228051,100.0,0.2598396727335851,8.0,1.4270342293380605
0.11698906991092103,0.3420366499527807,0.9553222786213629,93.0,0.2493334719569475,7.0,2.361955469344718
0.14293326751907867,0.3780651630593312,0.9397782852281072,100.0,0.1030822593764717,8.0,1.5091432931167188
0.13689000013208585,0.3699864864182013,0.9515763777957862,86.0,0.26811723284104827,5.0,1.864120074333465
0.09279222095295453,0.30461815598049063,0.9697546238743942,74.0,0.2631318590690221,7.0,1.641523223264186
0.14561687198589685,0.38159778823506935,0.9651594708240895,74.0,0.26181288227620375,4.0,1.4422540975979454
0.1646164911887242,0.4057295788930408,0.9350867541771267,74.0,0.29868495873525425,7.0,2.289365136543303
0.09973487452203769,0.3158082876082224,0.9654053685357352,95.0,0.2187478889657062,7.0,1.0768673897868304
0.26815314028954146,0.517835051236918,0.8571400071695051,95.0,0.18343270070961903,6.0,1.0298838675352853
0.17360744628509772,0.41666226885224167,0.9289753651389806,85.0,0.2269477780734552,6.0,1.7579482640035486
0.12783987284395992,0.3575470218642017,0.9580588473772201,79.0,0.23221042584448637,6.0,1.7261820165523432
0.12261637247475186,0.3501662069285839,0.9541537440907651,76.0,0.18663007011101224,4.0,1.6000729451163842
0.14766264316107275,0.38426897241525076,0.9246955097058907,84.0,0.18237743058252484,8.0,1.1593727509483198
0.13290482729891545,0.3645611434298991,0.9532328778362755,84.0,0.13986624681136198,7.0,1.4837339440867137
0.27872554136455663,0.5279446385413499,0.8322240968960201,100.0,0.23892557680269402,4.0,1.2028059237452475
0.0982439880467023,0.3134389702106333,0.9708815545320538,99.0,0.23751263824479318,6.0,2.3464746021302245
0.23720473415704185,0.487036686664405,0.880490909269454,69.0,0.28874327905896335,3.0,3.625005920572411
0.07325346274156139,0.2706537691249863,0.9834568563139333,87.0,0.2510707630900065,8.0,1.354350029871005
0.11046083638721427,0.33235648991288597,0.979875451025002,75.0,0.27040114451529834,7.0,1.0513259654650335
0.09828439762167783,0.31350342521522445,0.9714043879279295,89.0,0.21964688126070872,7.0,1.8508489337481175
0.2716116462306628,0.5211637422448561,0.8474604850808014,63.0,0.2316441909720131,7.0,1.1080628625000344
0.13054747477894132,0.361313540818693,0.9574667602970373,92.0,0.28998374361668866,6.0,2.681663160436324
0.11874738246628305,0.3445974208642355,0.9497468525888626,98.0,0.19666459914818962,7.0,1.9096261299769033
0.12766447229338165,0.35730165447893136,0.9423071995089282,81.0,0.23838942092723914,4.0,1.3124486389525944
0.1454016221464467,0.38131564634361215,0.9507136621502917,94.0,0.2196763860532558,7.0,4.240674660644489
0.18842268744150603,0.43407682205055137,0.9005442594651566,62.0,0.29023266365835787,4.0,2.4056308491172556
0.17281126122571316,0.4157057387452249,0.9411501585696955,89.0,0.2934796755270483,7.0,1.8268363032104435
0.13804448444052175,0.3715433816400472,0.9426808815400286,60.0,0.25420620156892415,8.0,1.0171922653811873
0.20049046337959872,0.4477616144552799,0.8939049249373682,87.0,0.2613152968020989,7.0,2.643975283358281
0.13595150519260543,0.3687160224245828,0.9609381715759164,80.0,0.2967669915865561,5.0,1.2870011377030877
0.12929531534274805,0.3595765778561613,0.9635360912788313,78.0,0.19719442306659737,7.0,1.1583273178851798
0.1014363256851308,0.3184906995268948,0.9611088341216077,99.0,0.15122992924202472,8.0,1.2109989673388042
0.12343867896701544,0.351338410890434,0.9547570627951731,45.0,0.251944479842293,8.0,1.176701107464356
0.15454380852291968,0.393120603025229,0.9253011565401436,84.0,0.15843595305682964,8.0,1.0374397143889627
0.20053757041227618,0.44781421416953276,0.9302771463625691,100.0,0.2649983263037928,8.0,3.9822282604141144
0.12754249119776823,0.35713091604867847,0.9715832613394735,100.0,0.253856032654712,5.0,1.266670786445523
0.12689663577408702,0.35622554059764866,0.9454548631242478,96.0,0.19827143290172972,7.0,1.5048290246365577
0.15682722538411845,0.3960141732111598,0.9693198067894259,81.0,0.26093749939258504,5.0,1.6785415173531553
0.1164211790194283,0.34120547917556704,0.9583993471525377,94.0,0.22887972411148264,6.0,2.068734497765935
0.4015403653493703,0.6336721276412356,0.7417629544775767,84.0,0.28255618946889427,4.0,2.2801651627227306
0.08501927831697377,0.29158065490867835,0.9744661670302116,56.0,0.200896125186897,5.0,1.1201518490254994
0.18888680274211742,0.434611093671247,0.8933981990235027,99.0,0.28236239180047895,7.0,1.8741661665249372
0.15891003932964817,0.39863522088451764,0.93579626129034,97.0,0.20551356738509996,8.0,2.109641362182855
0.26398818240241967,0.5137978030338585,0.8629916693990869,77.0,0.29030800746359664,7.0,2.4394356887958364
0.2665465977703106,0.5162815101960466,0.8459996028133808,98.0,0.15630577164080153,8.0,1.3864943154133678
0.14277757435032715,0.3778591991077194,0.9714369728120175,81.0,0.26082876616924244,6.0,1.0013643778022505
0.16589767559785026,0.4073053837084041,0.9101653035160184,77.0,0.2016498666427962,8.0,1.7256477563019716
0.10774320036211377,0.328242593765821,0.9660922727905953,100.0,0.11931265475878694,8.0,1.1192177973732225
0.11220439252371237,0.3349692411606062,0.9669690178289558,76.0,0.2709336715955069,8.0,2.3211285703909956
0.10507220146338701,0.32414842505152947,0.9575390806533037,77.0,0.1810189497305803,7.0,1.0114983827849593
0.12542926733422063,0.3541599459767022,0.9626591239364672,98.0,0.1838811841446696,7.0,1.037930852411681
0.1356031195975582,0.36824328859811983,0.9470120548296367,79.0,0.26700009800728475,6.0,2.716070687433018
0.20380946462466695,0.45145261614555626,0.9242068738402738,91.0,0.28667264595480363,8.0,3.5407854950816855
0.17030874038053231,0.4126847954317342,0.903086697937655,97.0,0.21976540346349244,6.0,2.4619130081804976
0.6041439369505132,0.7772669663317188,0.6393229019583246,98.0,0.2629279102137768,3.0,3.0226757452342037
0.23797192420711494,0.4878236609750648,0.8834481697440522,77.0,0.29033766005579753,4.0,1.223564942219519
0.2830734680260428,0.532046490474322,0.8230134357751655,84.0,0.20865152849388716,4.0,1.6596513026327955
0.15615772363957584,0.39516796889370454,0.936592013677244,66.0,0.29230452257140016,7.0,1.1799140999149142
0.09217745249030658,0.3036073986093003,0.9808204738436557,69.0,0.2727900270823362,7.0,2.1558946767056844
0.12327743466553714,0.35110886440751843,0.9625152248861175,60.0,0.24124032740524498,5.0,1.1332394554996639
0.12494704007483595,0.35347848601412213,0.9494927638713099,83.0,0.22587583391377133,8.0,1.2652561274044847
0.1117702975276716,0.33432065076460893,0.9465674437031311,84.0,0.26455434320630666,7.0,1.4631609452567234
0.18008070037651344,0.42435916436023086,0.9499990086863036,84.0,0.24506839066159314,6.0,1.9066189393580304
0.16108513218590872,0.401354123170435,0.9412089471969819,61.0,0.20412903176650044,6.0,1.052604944759636
0.1749132747479764,0.41822634391914676,0.9078765820300079,88.0,0.2162125366433877,8.0,1.743379321554972
0.09847988419947332,0.3138150477581872,0.9720257751256829,93.0,0.2699362440217499,6.0,2.3185326362641683
0.13761379515848468,0.3709633339812503,0.947339499939365,96.0,0.2560810195632774,7.0,1.2550123972779672
0.12232466141550141,0.34974942661211245,0.9517225815656437,83.0,0.21234888919677403,8.0,1.2188005666797506
0.19194296890119655,0.4381129636306104,0.9417130630406514,91.0,0.21602640382137553,5.0,2.238562458366189
0.110998249342866,0.3331639976691149,0.9624489789622236,92.0,0.21241208891922533,8.0,1.4881976670605828
0.17694622785664488,0.42064976863971393,0.9126028807386967,77.0,0.21720601668428888,7.0,2.946736357203978
0.08237820902574476,0.2870160431504566,0.9842380158780296,93.0,0.13817943548222936,5.0,1.229048628243714
0.517056311614464,0.7190662776229073,0.7158152663951938,77.0,0.23800511990627016,4.0,1.645892296968655
0.20467466604980666,0.4524098430072081,0.9302377781491329,33.0,0.2991316794739683,8.0,1.7321092591309761
0.07862621289671917,0.28040366063359295,0.9853096787891985,95.0,0.2998042028814565,8.0,1.0476689822857517
0.1325074932879292,0.3640157871410651,0.9403573445056221,86.0,0.2463197946492059,7.0,1.5975581229120683
0.13570973918141013,0.36838802801042564,0.9498576903210684,93.0,0.14477239582415538,6.0,1.745278386299399
0.10890707969890688,0.33001072664219094,0.9532498164338148,79.0,0.25790657771159986,6.0,1.2128825242577244
0.19118662756095464,0.4372489308860053,0.881549725108218,90.0,0.24409033140994008,7.0,1.6618808446722557
0.08170752200156815,0.28584527633243856,0.9823517742443677,94.0,0.14057268762082586,8.0,1.9753208359678265
0.12453409341697201,0.3528938840741959,0.9473161872778774,96.0,0.1833760082296371,7.0,1.4373071269938795
0.10363302969882181,0.32192084384025493,0.9647826111947977,75.0,0.20278767046655202,7.0,1.8613108135680483
0.2137556781195606,0.46233719093272235,0.8759993530081576,74.0,0.28107420251979887,7.0,1.1455094206164955
0.27128247611017503,0.5208478435303107,0.8273492342620656,45.0,0.27315201204823353,7.0,1.0715739922477
0.1298519242546482,0.36034972492656103,0.9740260144029982,92.0,0.20122080000140208,5.0,1.1421719931976744
0.30926526176207775,0.5561162304429513,0.7938827551486383,94.0,0.18936172501225754,4.0,1.2057553998670327
0.0806242751733634,0.2839441409386068,0.9815708949034724,94.0,0.2215544835427108,8.0,1.587081552702955
0.1251645432323374,0.3537860133362219,0.9563353334015976,82.0,0.14493062428151493,6.0,1.250419651187499
0.10334500460936166,0.3214731786780379,0.9684794944658097,98.0,0.23312801533302763,4.0,1.169245917692445
0.10264621898885108,0.32038448618628695,0.9911362001599353,88.0,0.18749882627505607,8.0,1.7859102852237978
0.1419926976030044,0.37681918422899385,0.9530373861041391,89.0,0.2513285860838827,3.0,1.4944794831395471
0.18948969528134738,0.4353041411258884,0.8870262461475068,76.0,0.23847239655420702,8.0,2.0575379290710982
0.1954652052910577,0.4421144708003321,0.9229601057370718,86.0,0.2820367004447015,6.0,2.7081686226695263
0.13099679250566254,0.361934790405209,0.9761046449711133,92.0,0.1837777813874819,4.0,1.0819753993107788
0.14944884299826378,0.386586139169867,0.9607089177245006,80.0,0.2545397395895072,7.0,1.4385947481247368
0.26949927695992343,0.5191331977054862,0.83453367898087,95.0,0.257290606920906,5.0,1.4960232236592317
0.11536981602033343,0.339661325470436,0.9444794355990457,83.0,0.2119132212438172,8.0,1.7942517215975857
0.21387629169789094,0.46246761151229926,0.9022542686266872,96.0,0.24966790629200455,6.0,1.0505184867969017
0.09073732721604662,0.3012263720460853,0.9674855202917881,89.0,0.12631733675831933,8.0,1.0570800585357683
0.1270435279360024,0.3564316595590274,0.9494357150441615,99.0,0.24507597885452348,8.0,1.6448584586787502
0.11844923832510147,0.34416455123254847,0.9522798667242682,70.0,0.23531377360125874,6.0,1.686106964623367
0.11074909906278531,0.332789872235898,0.9582209008573478,87.0,0.2217081205770161,6.0,1.3030430346530189
0.15792632432754636,0.39739945184605674,0.9490668466536031,68.0,0.26058996082023045,4.0,1.4866635902473404
0.10986859914940755,0.33146432560595046,0.9575420158362057,97.0,0.23340418626074022,8.0,2.212733003871783
0.20918718035706596,0.4573698507303099,0.8951254682244533,97.0,0.29301145434905174,5.0,3.8148161552628577
0.1308430061969704,0.36172227771727083,0.9468166792674718,81.0,0.22264063001467596,7.0,2.201241180750785
0.3758138742093389,0.6130366010356469,0.863710017155089,95.0,0.2378335518275212,6.0,3.7062954593536874
0.0966206174146453,0.3108385713109705,0.9769105365097401,77.0,0.2892024651031046,7.0,1.414538713475952
0.13071411321880883,0.3615440681560255,0.9583821367125028,80.0,0.296192555316658,7.0,2.301930954300057
0.2362244193367251,0.4860292371213126,0.9308670651719556,100.0,0.21585247315052508,6.0,2.4277546719886156
0.18242259539936137,0.42710958242512115,0.9351068534311917,92.0,0.2232126456648453,3.0,1.958646949683831
0.10735657334372957,0.3276531296107662,0.9593586944358027,65.0,0.25458046223141356,8.0,1.8207446588781837
0.12885389280613077,0.35896224426272294,0.9627827734670611,98.0,0.12277046596699641,5.0,1.2051618754556563
0.10827851007254555,0.32905700125137216,0.9641918072155894,93.0,0.26777956682081416,6.0,1.3239407912379026
0.12586216602696565,0.35477058224571784,0.9593101228565515,87.0,0.25777759055861216,3.0,1.8235814667217656
0.12425100838144343,0.3524925650016514,0.9585682792647374,79.0,0.23265026971325597,4.0,1.874545706444116
0.1642956342221231,0.40533397861778514,0.9266458121929888,97.0,0.2048661536352434,5.0,1.6188956442034343
0.1276871064526214,0.3573333268149242,0.9280388123766059,78.0,0.20020932367839384,7.0,1.3305375108840285
0.14017781731387582,0.37440328165478975,0.9598981202035262,88.0,0.2725746896348373,8.0,2.632520904815076
0.12165986737502402,0.3487977456564535,0.9642808856038632,65.0,0.21924969203371542,7.0,1.0387143971964907
0.2268644086426831,0.47630285390986593,0.8922583994147586,88.0,0.2658155224358625,5.0,1.0853593918047517
0.1319970302363852,0.36331395546604756,0.9450223616289878,80.0,0.19995084141505262,7.0,1.2030456242794627
0.1559323655366482,0.39488272377586764,0.9587875418785162,97.0,0.2912251464683176,7.0,1.9952656474776451
0.11524250764749804,0.3394738688728457,0.9520746137133053,84.0,0.17734274640594427,6.0,1.1465726559363691
0.13748989363380962,0.3707962966829761,0.9385771335265005,75.0,0.253547907419987,4.0,1.4938019722913976
0.169054261075859,0.41116208613618427,0.9281750023493277,93.0,0.29534442295603586,7.0,2.2658555699996965
0.10765873901431056,0.32811391164397546,0.9617721173050683,81.0,0.2581393611076752,7.0,2.7297111340063345
0.1033140781934781,0.32142507399622405,0.970009188485421,97.0,0.19344801052860758,4.0,1.462307476246195
0.13916081638610833,0.3730426468731267,0.955525781795468,72.0,0.29360715442954566,3.0,2.3054430648765614
0.13539138027380018,0.3679556770506472,0.9552543940211711,78.0,0.2101770767814213,8.0,2.019842585276161
0.14702566167489495,0.38343925421752917,0.9450662164183543,100.0,0.2959642325881047,6.0,2.023640363076239
0.15196973016716028,0.38983295161794657,0.9236086168102166,84.0,0.20487569518028864,7.0,1.5214891095696794
0.13803550847233992,0.371531302143359,0.9397729423156836,94.0,0.170353108192221,7.0,1.9829480974480642
0.09572050063253579,0.30938729875761833,0.9696958052234028,93.0,0.09613245059814829,8.0,1.0628495507369822
0.18472597598426185,0.42979759885818564,0.897687898118767,82.0,0.25185900528097155,7.0,1.6217360627543937
0.18637301949640828,0.4317094155753477,0.9344224687089748,60.0,0.1320929329360065,6.0,2.5845928837528667
0.620981062660166,0.7880235165654423,0.6575751304398028,94.0,0.283199750898477,5.0,2.0677184302105296
0.1455482531953161,0.3815078678026393,0.940073299264029,71.0,0.29871224714207434,4.0,1.5181630083547002
0.09610043125238849,0.3100006955675882,0.9721967497583103,77.0,0.2280896173504062,6.0,1.584314960898055
0.09830436148758571,0.3135352635471578,0.9644419359632072,61.0,0.2653499625332855,8.0,2.4757360848182444
0.1005042403676276,0.3170240375233834,0.9563293917476942,100.0,0.26061244229859704,6.0,2.2746175463813065
0.13898419080806332,0.37280583526557537,0.9600264944331769,74.0,0.2531946523554547,3.0,2.3923315487688033
0.08982683054286475,0.2997112452726203,0.9792714655201662,73.0,0.24948210880370789,4.0,2.592594375431497
0.16337688567490755,0.40419906689019897,0.9390940163350315,97.0,0.27655231822083426,6.0,1.8184048510276316
0.1287033027274607,0.3587524253959277,0.9542095218007831,70.0,0.2433171896506546,8.0,1.9699239055762334
0.15545263494801675,0.3942748216003867,0.9459038542714341,79.0,0.20368670614725748,5.0,1.2867135082378365
0.12304122836485125,0.35077233124186297,0.954373404994495,92.0,0.21239791783865225,6.0,1.959628460470296
0.15577915238674622,0.3946886778040969,0.9446132671880189,73.0,0.17537271459493545,7.0,1.5282808301057553
0.19291419877470797,0.4392199890427438,0.9194439398722117,99.0,0.19865930674413232,7.0,1.3084135741733711
0.13541533987951984,0.3679882333438392,0.9631140505311757,71.0,0.2868543155160763,7.0,1.705613337475762
0.15452397400899928,0.393095375206831,0.9288107363798884,97.0,0.27202254432594986,7.0,1.0907175448145372
0.15178719449124894,0.38959876089542295,0.9489430793407732,98.0,0.22121228340636018,7.0,1.6791023848709865
0.09256009039527435,0.304236898477608,0.9719714803607716,64.0,0.2421272286883328,8.0,1.1979042235162605
0.11302679078366622,0.336194572805193,0.963562418836958,88.0,0.2917659100307425,7.0,1.6903290785525038
0.12208156330791328,0.3494017219589985,0.9734173554578729,91.0,0.2506775806649913,8.0,1.720860356136118
0.11560890559779301,0.3400130962151208,0.9693984034466616,95.0,0.2610372454267768,3.0,1.649394574600277
0.1881247436734009,0.4337334938339451,0.8922340663261946,90.0,0.21375421024148894,4.0,1.3861137851175211
0.07231782776636916,0.2689197422398905,0.9884818670391754,98.0,0.18743153547591573,7.0,1.1245211938150297
0.19247586498377384,0.4387207141038292,0.8798860896352994,95.0,0.14802912166513185,7.0,1.1220970252046913
0.12217339233972947,0.3495331062141746,0.9618982414114705,57.0,0.27665429150005466,7.0,1.653073583318867
0.11292447143456001,0.33604236553529976,0.9580418512470665,69.0,0.2715787198336222,6.0,1.0332648005849028
0.13358730138531003,0.3654959663051154,0.944794597333626,67.0,0.2987793305336805,8.0,1.9685987614686185
0.17006656083638502,0.41239127153273386,0.9238277633871268,91.0,0.25873473405060415,8.0,3.0126634972205997
0.08564577471098696,0.29265299368191494,0.9814329975098122,90.0,0.18390414614657544,8.0,1.9604273020651584
0.18523598223773724,0.4303904997066469,0.88754431785807,72.0,0.25566017651754513,8.0,1.1659805608767195
0.10653073200058823,0.3263904594202904,0.9841686268778469,68.0,0.20906730581899474,8.0,2.063007001090135
0.12869859181387744,0.35874585964701733,0.9459903594440449,65.0,0.29589125912276165,8.0,1.1698624869599095
0.11616127184117198,0.34082440030193256,0.9575290680185735,62.0,0.2679721377309925,8.0,1.4008185699293851
0.08627412906813069,0.2937245802927135,0.9757898038626811,95.0,0.2962621150681083,6.0,2.896705285183495
0.13065601635243454,0.3614637137423818,0.9353317640700901,98.0,0.2580921448577395,7.0,2.3440229173565523
0.12014173090158202,0.34661467208065794,0.9555125711536641,73.0,0.28016654642884026,5.0,1.4774189668503346
0.2746622152404394,0.5240822599940198,0.9148067616238484,97.0,0.2261476474456268,8.0,1.9524844307297289
0.257554590809324,0.5074983653267506,0.8416670868316021,76.0,0.20042249449014649,8.0,1.7820975151432374
0.17579953972795456,0.4192845569872024,0.8968343213121969,73.0,0.22089796131964784,6.0,1.0314607253977766
0.12588816692484178,0.35480722501781414,0.9459128472116611,95.0,0.22056315317528297,7.0,1.1614853989875162
0.11815031828404263,0.3437300078317903,0.9608208838061838,75.0,0.23614235989874155,7.0,2.0214798376222207
0.12701181515131696,0.3563871702956168,0.9573176672395937,94.0,0.24872500941093623,6.0,2.9321110623914373
0.11852324269903804,0.3442720475133554,0.95321301658548,84.0,0.22979018782146438,6.0,1.0980622822076338
0.1547535686552237,0.39338730108536,0.9584709161337359,100.0,0.28427569816607196,8.0,2.0127300915303814
0.17647227576889493,0.42008603377033965,0.9501806708053365,61.0,0.2699183406424425,6.0,1.452228772451443
0.09178901020798465,0.30296701174877877,0.9812051110471401,93.0,0.19483978980811476,7.0,2.6777110211697175
0.2550567190242387,0.5050314039980471,0.9402070693925625,87.0,0.22503557410072472,5.0,2.061991877377007
0.14979555091623778,0.3870343019891619,0.9526373990771335,93.0,0.2618172464812953,7.0,2.0246964194968045
0.11291137928295222,0.3360228850583725,0.9831209040067075,86.0,0.2607306978594437,6.0,1.2980804151829082
0.30454988078639705,0.5518603816060699,0.876831425325056,95.0,0.21785001363108894,8.0,1.4748610720399742
0.09797215385760401,0.31300503807064195,0.9804182114647906,94.0,0.28411659394051997,6.0,1.089475603597649
0.09731906408465928,0.31196003603772593,0.968803320230782,99.0,0.2749388254023472,7.0,1.2574189180740447
0.07717431516844243,0.27780265507810115,0.9836788198276732,91.0,0.1837718524887375,6.0,1.7579356069697196
0.1088276855059175,0.3298904143892597,0.9796445797414375,61.0,0.23831560836931373,6.0,1.234681784375924
0.1342501864763511,0.36640167368115434,0.9424117980888336,94.0,0.2713244710370897,7.0,1.2494301473379488
0.17033545361275587,0.4127171593388817,0.9239144418719003,66.0,0.28863481421705584,7.0,1.891134184251713
0.14901473909370633,0.3860242726742793,0.9364218755256424,96.0,0.24566406673924307,4.0,2.3428823966605017
0.1315517229628501,0.36270059686034445,0.9531839500427397,89.0,0.23257218613698072,5.0,1.9804440367906035
0.11813097423795332,0.343701868249146,0.9501026263771848,84.0,0.2852411524880517,5.0,1.6116869749148273
0.14982406439179838,0.38707113608715177,0.9419680409732071,32.0,0.29968934077712156,7.0,1.1029992897851413
0.13111852590934991,0.3621029217078342,0.987805898430014,84.0,0.23797540946539894,8.0,1.6797580136442143
0.16822956049543947,0.41015797017178574,0.9129201775597553,70.0,0.19108415862330097,8.0,1.7837663602754252
0.1069046496991245,0.3269627650040972,0.9612756118912148,73.0,0.21467022336606517,8.0,1.2981702850837753
0.1564710741396872,0.39556424780266375,0.945516027701286,92.0,0.25561601340707624,8.0,1.8711334279430778
0.1282911175713293,0.35817749450702413,0.9785262445825714,87.0,0.23554674832231567,8.0,1.0095508081155735
0.14543181158220317,0.3813552301754929,0.916966421951771,95.0,0.17349856316753498,6.0,1.3373749445268501
0.11270068703463941,0.33570922989193996,0.9594636878686946,82.0,0.2025068466492898,7.0,1.6646326307277188
0.09421215947697865,0.30693999328366883,0.9828048086394703,57.0,0.2528336248738567,8.0,1.0074436192036984
0.1609706909742017,0.4012115289647117,0.9560441899831179,91.0,0.24457585436977347,6.0,2.001025800492021
0.10691963662098698,0.32698568259327043,0.9771711451149516,74.0,0.21676674707105342,7.0,2.062989630658887
0.09489205879164157,0.3080455466187453,0.9821877757212684,81.0,0.29689002743157245,8.0,1.415182378366937
0.17296943563300451,0.4158959432754839,0.9594163708671489,94.0,0.2653585991900084,6.0,2.245284421454932
0.18344888577307258,0.4283093342119368,0.9496642560682194,62.0,0.2811456741262358,4.0,3.2341762125204108
0.5796040464870418,0.761317309987788,0.6518504025783254,87.0,0.20729658961779948,4.0,1.0219550544202431
0.16205387115510134,0.40255915236782447,0.9641602634146563,93.0,0.22952063079154264,7.0,1.3223311806794698
0.12181753028999961,0.34902368156043456,0.9639603412913345,84.0,0.21416404363551728,4.0,1.1226206423947227
0.12435117965895727,0.35263462629038184,0.944452040593171,72.0,0.26161949933656725,7.0,1.827800966058945
0.07870358089909557,0.28054158497287984,0.9810427029442145,80.0,0.1305486301179485,8.0,1.1713496949696227
0.1597715612864345,0.3997143496128635,0.949361743765615,85.0,0.2563161089715539,5.0,1.0833230657363342
0.08772287548030802,0.29618047788520435,0.9829860551649876,62.0,0.15699620580861315,6.0,1.0487819889171324
0.10995736355084963,0.33159819594028195,0.9548353825524826,93.0,0.21527225161854222,5.0,1.5151171723978858
0.18167464200899644,0.4262330841323752,0.9135666873715526,80.0,0.29752118698527624,6.0,1.1570519752119037
0.23829345323934203,0.48815310430165454,0.8464980736306805,98.0,0.21135757644297046,4.0,1.2175173934277455
0.11860933658965697,0.34439706239986567,0.9518536085499585,86.0,0.1707095724151459,7.0,1.543983174344866
0.2793515163645685,0.5285371475729672,0.8611134410797643,80.0,0.22471967166272738,4.0,1.0075368872638366
0.15312961389983498,0.3913177914430099,0.9417433543100014,92.0,0.18529153058444645,7.0,1.263957982252335
0.49469616764154806,0.7033464065747035,0.69300990826782,93.0,0.22455062220822417,4.0,2.2206814294385007
0.4366265911628574,0.6607772628979128,0.7235167440395436,64.0,0.29805444373654116,3.0,1.4347745245662713
0.06486338560235756,0.25468291187741193,0.9856332670757219,74.0,0.2606961801064253,8.0,1.1470104688923946
0.14660164852355345,0.3828859471481729,0.942226079036408,83.0,0.29005638911901627,5.0,3.750398927706025
0.11749298184313214,0.3427724928332671,0.973538043812187,89.0,0.2563393931642113,7.0,1.527355821310671
0.3156039135536892,0.5617863593517461,0.8085487451807761,71.0,0.26538282742004643,4.0,1.7640826633072169
0.12055314637021203,0.3472076415780794,0.9519555256062003,85.0,0.2640169361378003,8.0,1.5244995923385736
0.10304143243369142,0.3210006735720214,0.9600473754967385,75.0,0.2355409409214134,8.0,1.6663822047181807
0.145625861581533,0.38160956694183257,0.9675320167656499,76.0,0.2802235218502031,4.0,1.2046848469887763
0.13272330914688546,0.3643121040356544,0.9688188239404711,92.0,0.217670499561206,5.0,4.635468677708481
0.16434434088573185,0.40539405630291603,0.934492454887679,93.0,0.28671696646423767,3.0,3.2178113347955826
0.21194029857417818,0.4603697411583196,0.929875235465239,52.0,0.2946022963638773,6.0,1.2094356985595205
0.1382690330737871,0.37184544245396783,0.9370838307663462,78.0,0.27539386914762565,4.0,1.7990617752146787
0.12009784843901998,0.34655136479174337,0.9556793063544977,72.0,0.23189181538664938,5.0,1.1617640862369258
0.14214940682633712,0.37702706378499823,0.922427704256951,89.0,0.2720678950642546,8.0,1.130919789883607
0.12360029228417452,0.3515683323113368,0.9639904377858884,85.0,0.21084462654829694,4.0,1.7568500069463322
0.08400320130751415,0.28983305765132134,0.987999110250118,79.0,0.18731381767036828,8.0,1.588835731371082
0.23113500033987416,0.4807650157196072,0.8964207291395531,97.0,0.26448959372247594,5.0,1.5251018647608259
0.16934780560396875,0.4115189006643179,0.9450014181287146,70.0,0.19376610618700743,3.0,2.0086428060709376
0.10892946072670318,0.3300446344461657,0.9661923558361137,64.0,0.17225752650315057,7.0,1.8811239390149042
0.13230600889655966,0.36373892958626197,0.9344711833999196,73.0,0.23855258134936796,7.0,1.2729188518650836
0.1924766552539618,0.4387216147558287,0.9399922756698806,68.0,0.26235564473891787,8.0,1.4360438618298592
0.13850737238725297,0.3721657861588743,0.9522198345400978,97.0,0.2647586365725856,3.0,3.535857451355727
0.13111274529840386,0.3620949396199895,0.9710100112210387,100.0,0.2408327435769076,4.0,1.2519007652034468
0.17942181934109847,0.4235821282125799,0.9213788134558786,94.0,0.22965532674064737,4.0,2.2240249846081235
0.20749578311345934,0.45551705029939255,0.8804097919700234,91.0,0.18634315171819554,5.0,2.321300076675885
0.19803736135024608,0.44501388894083527,0.89318315839997,89.0,0.2948068580741213,4.0,2.311709347265903
0.07799091521802358,0.2792685360330153,0.9828241760641113,68.0,0.21949458094526839,7.0,1.174424297307211
0.07822302404598233,0.27968379296266405,0.9798594059450609,76.0,0.26399286868877875,6.0,1.0494451268198923
0.15479234745897572,0.3934365863248812,0.9229697653630223,97.0,0.24162625000601,8.0,2.886441822281752
0.22116663986058058,0.47028357387918684,0.8723701264374955,85.0,0.19741937442986612,4.0,1.624956134220521
0.11066006073471935,0.33265606973978296,0.9663400411457896,87.0,0.19490215267246988,8.0,1.9979393676892112
0.14813262902042393,0.3848800189934831,0.9451761510070004,97.0,0.23510815884821673,4.0,1.1027419951368356
0.24426055564973856,0.49422723078533276,0.839626776195803,85.0,0.27797951529307335,6.0,1.61159655454931
0.10420701694741678,0.32281111651771965,0.9692158241581463,96.0,0.23649675807300635,7.0,1.0410696675384163
0.12813828569950145,0.3579640843709065,0.9610507152458466,99.0,0.1826012858053575,6.0,1.999384390913395
0.19809946393987699,0.44508365948423334,0.9494540233458884,84.0,0.28714692763930827,5.0,1.008219486151944
0.10830446027266287,0.32909643005153194,0.9425605168777481,92.0,0.14594111780218041,7.0,1.1693971924752868
0.2069354015400387,0.45490152949846047,0.9435445814735715,65.0,0.2824920688463278,5.0,1.171107475734107
0.1638319060777502,0.40476154224154026,0.9411775311499011,97.0,0.1669018655296384,7.0,2.49730913876759
0.11999832629920767,0.3464077457263444,0.9592434509820719,91.0,0.19543890577780954,6.0,2.0108404942860236
0.08921759340781464,0.29869314255237706,0.9781782481091208,92.0,0.26379692583775766,8.0,1.3253081753876756
0.13842162221726773,0.3720505640598704,0.9369158681028953,95.0,0.21362248924662042,5.0,1.745311853196604
0.30011973917699475,0.5478318530142208,0.7952231331078349,87.0,0.21413872109805346,5.0,1.6535211253195974
0.18655831406218676,0.43192396791818205,0.9155027075689702,86.0,0.20573038018786724,7.0,1.7809042622536468
0.18968616304901678,0.4355297499012172,0.9275067038884061,98.0,0.28341828949648673,6.0,4.5262119807019285
0.33918595006155344,0.5823967290958574,0.7852979729666048,88.0,0.2764962542359266,4.0,1.6732720091644846
0.18347335911885454,0.42833790296780244,0.9261486177710831,99.0,0.2231701540723019,5.0,1.1484312524365161
0.4186291667736111,0.6470155846450772,0.7324900304841,99.0,0.2647101830187079,5.0,3.6655796367353646
0.09682306287428398,0.31116404495745326,0.9689185923655763,94.0,0.17065012250691738,7.0,1.824064755864848
0.10109681473395693,0.3179572529978785,0.9783646635124578,86.0,0.20070773468454062,6.0,2.1029160754359126
0.08783912216704552,0.29637665590772416,0.9778520179796558,82.0,0.2605481817970123,6.0,1.4810076386958313
0.08235808686297728,0.2869809869363775,0.9875205949070845,91.0,0.21355134527507813,7.0,1.7642786820245453
0.17592865615949826,0.4194385010457412,0.942576585632168,97.0,0.17766612620707045,6.0,3.1196812035567403
0.11041342346829928,0.3322851538487678,0.9512082381180741,80.0,0.21475066865016088,8.0,1.2821912576242744
0.16225687985869375,0.40281122111814827,0.9307908202132719,81.0,0.24191493662322938,7.0,1.438567314732163
0.20788558824963263,0.45594472060726027,0.8774767725551016,98.0,0.21006921044243765,5.0,1.1961144610344068
0.1326055644445951,0.3641504695103318,0.9733228060974588,67.0,0.2741102197764803,8.0,2.2748390924539468
0.1806355995760223,0.4250124699064985,0.9140194690202995,55.0,0.28445441151302314,6.0,1.3035706332921593
0.35756736227307273,0.5979693656643899,0.769554435314729,96.0,0.1997627464202346,6.0,1.0907544234883675
0.07332363954211847,0.2707833812147977,0.9781656824828195,86.0,0.2712983297967367,8.0,2.3723006588913154
0.12780290578416864,0.3574953227444642,0.9500381482815047,100.0,0.21450124970659662,7.0,1.6269698572377616
0.20971398120194606,0.4579453910696624,0.9550734525214779,78.0,0.2965886263790611,5.0,2.0973368158753667
0.15992108173079886,0.39990133999625316,0.9520001971815018,100.0,0.22066419662154857,8.0,1.4014421866482238
0.22612413573145254,0.47552511577355466,0.8995601104172564,89.0,0.26624253249649976,7.0,2.4794524258881423
0.08418086857470264,0.29013939507537173,0.979429483380568,82.0,0.23456408992724634,7.0,1.0662694695799635
0.16536988214023401,0.40665695879971614,0.9326157182155516,78.0,0.2980630356521166,6.0,2.760174185574612
0.11068127410454243,0.33268795304991494,0.9686355330467311,81.0,0.18077424877426224,8.0,1.2315383887851938
0.1145252165205714,0.338415745083723,0.9604950102342982,83.0,0.2224661780994007,7.0,1.0857188797556754
0.1409769036718273,0.3754689117248288,0.931741465814375,85.0,0.20419835767539285,5.0,1.1909080653542548
0.07601534978948923,0.27570881340553705,0.9856134689867304,72.0,0.1917781361347219,7.0,1.0914967255901993
0.12604271765702155,0.35502495356949426,0.967660953964972,66.0,0.21446020937213614,5.0,1.1887448014859112
0.1340356613791307,0.3661088108460799,0.9650075353863494,68.0,0.23312721815957643,5.0,1.0667325572550856
0.28584902833948767,0.5346485091529646,0.8410096800456565,100.0,0.24959920050557385,6.0,1.5824850182090842
0.07465356399230477,0.273228043934558,0.9854474377326832,92.0,0.2837627377853336,4.0,1.4089546528055918
0.11003121847763701,0.3317095393226384,0.9759325044675043,63.0,0.28369426787955193,7.0,1.7194403892259262
0.09594348108577619,0.30974744726272757,0.9612316368445724,89.0,0.21441775019998943,6.0,1.5224470228604217
0.3799189541789544,0.6163756599501268,0.7519175421742923,87.0,0.22161523635233238,4.0,1.6207256849327678
0.11812772304602256,0.34369713854791195,0.9604708586803712,82.0,0.13973453263455018,8.0,1.6728745546207158
0.12189429165475571,0.349133630082746,0.9658306148456492,61.0,0.24560278921042564,8.0,1.7003261929633986
0.09066549884789354,0.30110712188172095,0.9723009276066202,73.0,0.18284272606711366,7.0,1.4864441448542012
0.1153567299729172,0.3396420615485031,0.9610466744197391,86.0,0.1425834902076171,7.0,1.0482672610471924
0.19376671976782786,0.4401894135117607,0.905422074293967,81.0,0.23387017935484758,7.0,1.446452146360419
0.15003848731986716,0.387348018350252,0.9672819008781082,87.0,0.24315621850107283,7.0,2.7398664769458057
0.25843036761795174,0.5083604701567105,0.9624493894864165,90.0,0.2964249410613294,4.0,1.084780789617139
0.10531481715915307,0.324522444769469,0.975747243483858,90.0,0.25018347919818995,6.0,1.0951395606677607
0.18328003282436714,0.42811217317937494,0.9132671896087484,100.0,0.25514790525081754,8.0,3.2764452024415096
0.11737036591491626,0.3425935870895955,0.95196469146798,81.0,0.2637498182331858,8.0,1.4103976886148977
0.13469189622272393,0.3670039457863143,0.9513899086145633,50.0,0.1687488222062785,7.0,1.1257260908330293
0.13609433295405365,0.36890965418927935,0.9393995404842528,81.0,0.13536016808822435,8.0,1.2206247340910372
0.06909023108825596,0.2628502065592796,0.984834970489591,71.0,0.2102935841081372,8.0,1.2179634431594268
0.11515251998683824,0.33934130309592175,0.9730950511419718,93.0,0.21484337332263587,5.0,1.3637956465108625
0.1205927198932744,0.3472646251682921,0.9378456909333923,91.0,0.2501897257992126,8.0,1.075304542316351
0.19817615996214427,0.4451698102546311,0.9040057013202222,86.0,0.20616282967888092,5.0,1.9686608148094196
0.1465417444962103,0.38280771216919113,0.9476498992303222,100.0,0.2521125202359559,7.0,4.784767836829037
0.15587797084837735,0.394813843283613,0.9358850576188205,85.0,0.27090089749981694,3.0,1.187929113856333
0.0969088802195346,0.3113019116862834,0.9805341256557428,96.0,0.2408507435454389,4.0,1.3306744943840016
0.11182459910850906,0.3344018527288823,0.960443986335882,77.0,0.14788700060628535,7.0,1.2558244507445773
0.22048239949753304,0.4695555339866979,0.9082270567443937,91.0,0.25389227656565067,8.0,3.3091075121241857
0.16783654773401416,0.40967859076843904,0.9181639271912505,81.0,0.27460875545891666,5.0,1.248662135749327
0.22048512715789215,0.46955843849077206,0.9424234994947622,95.0,0.19263109906404546,7.0,1.1704944573870049
0.1315959759369739,0.3627615965575379,0.9378761729504657,91.0,0.2133490307700189,8.0,1.3893630841649753
0.09972288370257099,0.31578930270446304,0.9700837792235752,56.0,0.21530049640639803,7.0,1.6877431516978743
0.10778636159676204,0.32830833312111046,0.9657594549181442,87.0,0.2662254955809783,7.0,1.9531530107572421
0.12255879508169279,0.3500839828979509,0.9569043611985696,81.0,0.2666373387075914,7.0,1.3325964260444205
0.14275004738539793,0.3778227724547555,0.9374475241799061,94.0,0.24089433816038555,8.0,4.395789821602268
0.3234004632582734,0.5686830956325969,0.8030921428554028,80.0,0.2594599987267799,3.0,1.245959029537185
0.27445325202918397,0.5238828609805669,0.8305477789185948,85.0,0.18712884288608905,8.0,2.344159739526785
0.14637118130782226,0.38258486811140646,0.9349699680335508,93.0,0.18828391528143792,5.0,2.6856211934070418
0.09482716266871997,0.3079401933309778,0.976572173013471,96.0,0.25997114114691666,6.0,2.5104383612296015
0.22300249996168853,0.47223140509890754,0.8663578516449159,95.0,0.2740574710898423,7.0,1.4137571529087847
0.16914862352574697,0.41127682104118995,0.9245335001693955,90.0,0.2603988589560582,6.0,4.715317778403156
0.11293030289384651,0.33605104209605796,0.9733865504158582,90.0,0.2079218794681104,8.0,1.0079423790270425
0.26604544656224505,0.5157959349997294,0.8853813854959718,85.0,0.255343372438271,6.0,3.046567993073477
0.1973662130587933,0.444259173297292,0.9429767849914931,82.0,0.13413279381465854,4.0,1.299070634655675
0.17624170420199195,0.41981151032575553,0.9029325629701901,94.0,0.24601429172363357,7.0,1.309233544209321
0.16230684274268284,0.4028732340857144,0.9434230593795073,87.0,0.2750628124864238,4.0,1.6545549233915984
0.14089444154571826,0.37535908347303687,0.9669864917832633,99.0,0.28241597865805146,8.0,1.0292253388045745
0.13998206969599286,0.374141777533588,0.9270420066642567,84.0,0.25050452198973516,6.0,1.6314006856375014
0.1530997757249674,0.391279664338651,0.9423832707893135,87.0,0.2215512504517861,6.0,1.7109826930306427
0.2660716279714454,0.5158213139949196,0.8759435952156853,97.0,0.18534991853228228,6.0,1.717769695413205
0.3330306650917788,0.5770880912753085,0.9432749055395206,60.0,0.2482805607685825,7.0,1.1450367167583577
0.13556332186687023,0.3681892473536812,0.9325397399613886,79.0,0.21362270190529625,7.0,1.0768044294815282
0.19839608423259983,0.44541675342604686,0.8786587427327459,97.0,0.1571413392289837,4.0,1.111085687130973
0.08753323357573684,0.29586015881787264,0.9811340479217373,72.0,0.2596602716990548,7.0,1.7760522918256316
0.1480892282327556,0.3848236326328668,0.9624292288199503,83.0,0.2339975666577415,8.0,1.2010882185117966
0.1459308112112433,0.3820089150939325,0.9279923231796566,61.0,0.20860280496211167,7.0,1.1940491534870832
0.14931784048080954,0.3864166669293776,0.9279077619985133,92.0,0.13617093070033628,6.0,1.3924739151553631
0.15140594340099672,0.38910916643147425,0.949984259747023,68.0,0.20845411918540224,5.0,1.3738497769861082
0.2539000659611406,0.5038849729463468,0.8622341214918459,78.0,0.24967445197777785,6.0,2.4422565612301357
0.13298868459937202,0.3646761365915955,0.9552654503081759,93.0,0.2941781658866762,8.0,1.8581567332271218
0.09084120106574306,0.3013987409823456,0.9817291676344487,88.0,0.25181398268376887,4.0,3.66723926282124
0.12907579329959679,0.3592711974255615,0.9522484742734628,93.0,0.2440833144477316,6.0,1.067583327780123
0.16450663821740336,0.4055941792203179,0.9610342904405025,84.0,0.23392103899220912,8.0,1.2901774412963531
0.17050502235719608,0.41292253796226247,0.9435485740010354,98.0,0.2039029631724567,6.0,2.468928616302482
0.11387248805756003,0.3374499786006217,0.969936373107832,91.0,0.23145344656908967,8.0,1.6877594085139014
0.19509487321707566,0.44169545301833896,0.8961438258647247,82.0,0.12416362924171424,8.0,1.1253752006679218
0.20667023665815384,0.45460998301638056,0.9522148505358494,89.0,0.22217785964480966,7.0,1.7217218449997924
0.2057371443119487,0.4535825661463949,0.9093946231222256,47.0,0.27353843276222095,7.0,1.3120430562375942
0.22774816986831864,0.47722968250971004,0.8544739947046751,72.0,0.22578020177235178,7.0,1.037136400209132
0.25795541193246413,0.5078931107353831,0.843157791660222,88.0,0.19319750103501754,8.0,3.8990527559795103
0.06365537850242291,0.2523001753911854,0.9900627407086324,82.0,0.24051074589157184,8.0,1.9777455618873798
0.1829413474447498,0.4277164334518254,0.9036206205602838,74.0,0.27372004549267315,8.0,1.215677084067924
0.13829942680952154,0.37188630898370206,0.941538941649617,89.0,0.14643825974266095,6.0,1.5540945749678177
0.09443309401179337,0.3072996811124173,0.9818799742251514,98.0,0.25366664740683326,4.0,1.1705206552679444
0.09949312631993237,0.3154253102081892,0.9674668460630514,91.0,0.28188803457859724,7.0,1.6512030741982633
0.19877804888095227,0.4458453194561453,0.9291850324403289,85.0,0.22383554297840869,6.0,1.251449637737998
0.13238010388336333,0.3638407672091781,0.9537469690157724,85.0,0.2855284426911361,8.0,1.5790738463478293
0.20664673710168482,0.45458413643866286,0.8905557522728469,99.0,0.24919963113000315,4.0,2.286536520682272
0.14798010943569145,0.3846818288348066,0.9285908256368626,94.0,0.23581383509210085,7.0,1.0959561982550934
0.11691640369283454,0.34193040767506266,0.95789870589734,85.0,0.23109134799293987,5.0,1.100273923826022
0.08986775857088458,0.299779516596589,0.9738293679139614,88.0,0.23674566336725705,8.0,1.1742139678764092
0.12132317805020537,0.3483147686363663,0.9576280900140748,85.0,0.22797878705910007,8.0,2.312615450655021
0.1131407681202376,0.336364041063009,0.9656482976889654,100.0,0.16607463328896147,6.0,2.143830082683651
0.1305611909898821,0.3613325213565506,0.9579470480524828,49.0,0.19736750962109936,8.0,1.1110590881850175
0.07755936679728037,0.2784948236453963,0.9866592055940768,94.0,0.2847988460645483,5.0,1.561287744742295
0.5587715601830731,0.7475102408549819,0.6552857691141734,75.0,0.16468588311083399,3.0,2.043223577135724
0.07689026960174421,0.2772909475654483,0.9858047090991601,94.0,0.22257005215345674,6.0,1.3055845212888797
0.12570119145755276,0.35454363829795726,0.9499804271982051,84.0,0.21684189402816997,7.0,2.0389978971508445
0.12944840159926202,0.3597893850563994,0.9429624103612735,89.0,0.1957280006165936,6.0,1.6767767295483504
0.1265189190367065,0.35569498033667346,0.9679254607304263,89.0,0.26955575882563204,8.0,1.9859409142188629
0.08545112804299186,0.2923202491155751,0.9829960009162424,78.0,0.2673241036559295,5.0,1.8069900427014671
0.1060700355068011,0.3256839503365204,0.9788588416886363,85.0,0.29409780830185206,7.0,1.6477233800843658
0.17373954906736527,0.41682076371908977,0.9109902847447342,77.0,0.25666739628561536,8.0,2.6462056407653796
0.2086171918255356,0.45674631013893874,0.8734267879549572,86.0,0.26295476730272893,4.0,2.1874656444427374
0.17088419417018086,0.4133814148824072,0.9182252959238763,89.0,0.2600842770035115,8.0,1.113814183019084
0.18383779493092278,0.4287630988447149,0.930742066854846,83.0,0.15516582763414846,8.0,4.7295776022483045
0.1569138438497314,0.39612352094988174,0.916683563394988,89.0,0.21022841614559978,7.0,1.9304892190911103
0.18085631795096904,0.42527205169275945,0.9155237774528227,81.0,0.27761557257957936,3.0,1.300644733593367
0.13572443289573993,0.36840797072775167,0.9501798585933308,93.0,0.2153863251377697,7.0,1.4319398969611288
0.13792977580304913,0.3713889818008191,0.9495323180692674,64.0,0.2898037666908149,7.0,1.8241077936106649
0.19076858023440113,0.4367706265700581,0.9036577896151524,98.0,0.28870174619863803,4.0,2.6236441439055973
0.10311309918159203,0.3211122843828807,0.9652969831876296,99.0,0.25558046561266357,3.0,1.7182878559836992
0.08889990229157155,0.2981608664656909,0.9798410008279517,92.0,0.19080297875247804,7.0,1.376413498014038
0.15105147991405857,0.3886534187602864,0.945695618721933,97.0,0.24810426711129,3.0,3.5402684811288445
0.08045059108600129,0.2836381340475947,0.9751746182133897,100.0,0.2686101302463051,8.0,3.331198663435915
0.12123189093589126,0.3481837028579759,0.9532656072859049,87.0,0.16491950506334602,8.0,1.123648039212461
0.08566963172806112,0.29269375074992826,0.9802299516786537,89.0,0.27507986867352585,7.0,2.7636767259937676
0.280417037041118,0.529544178554649,0.8598709296682818,63.0,0.2517822955253259,7.0,1.3468850041851188
0.13162290586906303,0.3627987126066781,0.9648061086520451,61.0,0.2344176632527515,6.0,1.3902316844530314
0.18200635235726448,0.4266220251666157,0.9145290999476882,100.0,0.24530284857312712,6.0,1.1835428785076627
0.15561349631417853,0.3944787653526848,0.9662435712580661,62.0,0.28026998025446254,7.0,1.490188645723853
0.14403608594950107,0.37952086365508425,0.9299764550513209,78.0,0.18471208249418358,6.0,1.8182487713832471
0.10380575567547941,0.32218900613689383,0.982099511229427,88.0,0.20930153027688428,7.0,1.55515342764128
0.10756857843439693,0.3279764906733361,0.9634427180665915,86.0,0.25799687312656705,7.0,1.1677050333599541
0.11706618673930637,0.34214936320166717,0.9565389881852515,87.0,0.2851549950419017,7.0,1.2669725579189723
0.14240005489585594,0.3773593180191208,0.9661541771853461,98.0,0.26962992831928,7.0,3.297818442386626
0.16030354020768836,0.4003792454756969,0.9519676346889009,84.0,0.22833846328210058,8.0,1.8735028031621161
0.12718615544063894,0.35663168036594695,0.9458063346153734,100.0,0.1715373993733985,7.0,1.4573953430594022
0.23251570176122263,0.48219881974266865,0.8544375198882803,72.0,0.27313780461652865,5.0,1.0063120707256386
0.06315007849961451,0.25129679365167895,0.9894568338048934,74.0,0.16236933558653247,7.0,1.6159793740542434
0.15609908148644672,0.3950937629050182,0.9713904282867324,77.0,0.23159628447880226,4.0,1.0098991100168404
0.172510892271608,0.41534430569300934,0.9493026279277628,73.0,0.21091779009990638,5.0,1.8173861991047033
0.10224491721028858,0.31975759132550485,0.9661122128862206,66.0,0.2581760993042443,7.0,1.0656885499039355
0.15947771430969454,0.39934660923775794,0.9553014119382042,74.0,0.2741756115740789,6.0,2.0911437752154765
0.1145208514825232,0.33840929579803686,0.9509069725656871,78.0,0.2625569933503751,7.0,1.6801118359151224
0.142476003487032,0.37745993626745605,0.9316483900243612,89.0,0.2550483631848929,7.0,1.7560408381555948
0.1350747163564962,0.3675251234357948,0.9515092698204521,93.0,0.25429793839867376,7.0,2.394576140258948
0.12335248920322692,0.35121573029012654,0.9522243668126641,94.0,0.24498391880957282,8.0,1.6297503650715686
0.11915797640483416,0.3451926656301292,0.954632058235056,75.0,0.18744727920254348,7.0,1.151129242955494
0.11760274513093275,0.34293256644846776,0.9649142847293399,85.0,0.25277824907856583,7.0,1.661621162745909
0.08907751376461959,0.2984585628937786,0.9797380423544089,94.0,0.13918449592444168,7.0,1.6964219087925758
0.4888444626814132,0.6991741290132332,0.6812318875938408,57.0,0.2691433873331208,4.0,1.1445520197583052
0.24815690705125662,0.49815349747969917,0.9299129849383747,70.0,0.2940897458850431,4.0,1.6752105077334614
0.08541702690336139,0.2922619149040145,0.9778096405970406,88.0,0.16629798810033394,7.0,1.1797757545561445
0.14600140495982813,0.38210130196039394,0.9348356635833109,93.0,0.2560686681831034,7.0,1.7735309779587576
0.08494550679465183,0.29145412468285953,0.9760562836755556,93.0,0.162025966494219,7.0,1.4850818745168568
0.10098972062654096,0.31778879877450206,0.969610141938917,62.0,0.2804246242294083,8.0,1.2333898225998632
0.11799614010425316,0.34350566240493496,0.9575823230795389,85.0,0.2703184018645231,8.0,1.028450805411656
0.10609578145511525,0.32572347390864426,0.9565357104312535,92.0,0.2153857813388023,8.0,1.751616313341596
0.22534209236794123,0.47470210908309773,0.8587407541695052,71.0,0.2455410284241084,8.0,2.1068989054619767
0.585404569787732,0.7651173568726121,0.6588024834876207,79.0,0.23005558016106553,6.0,1.8806882558184244
0.11421893460847878,0.33796291898443354,0.9611551579326684,88.0,0.19637729657869296,7.0,1.2061992240613912
0.2991475481235774,0.5469438253820746,0.8191129276964263,90.0,0.237708403589366,8.0,1.207117324406274
0.1835221773579612,0.42839488484103216,0.8877009353661718,87.0,0.28872711323083394,7.0,3.3530775659687944
0.10857106057454738,0.32950123000460463,0.9777389129773758,91.0,0.1373933705025128,7.0,1.303716031497974
0.20806547855486734,0.45614195000555185,0.8750076868752256,91.0,0.283651195638751,7.0,1.8128905384797127
0.0912862226169294,0.30213609949314135,0.9759022171772591,87.0,0.14682561768483263,6.0,1.7405761894457479
0.1967169091482868,0.4435277997468555,0.894136023413239,88.0,0.26819717208474014,7.0,1.9628728769666814
0.14861034697467018,0.3855001257777618,0.9236357391829901,93.0,0.16037067835753846,7.0,1.1909351222467373
0.153084746672517,0.3912604588666187,0.9412767949145451,99.0,0.24223299267909687,5.0,2.4180533157343644
0.133623032538118,0.3655448434024449,0.9395640385612043,98.0,0.24219132558104883,8.0,2.509505681232958
0.12608786258176843,0.35508852780928934,0.9639060548325351,62.0,0.2883951543725916,6.0,2.3237796080233926
0.10826223545253445,0.32903227114150135,0.9787784601931508,73.0,0.29993464103252837,6.0,1.5750982903316575
0.1096751291242093,0.331172355615938,0.968369139457549,87.0,0.2785337917879117,8.0,3.0672053421382586
0.1854717919032771,0.4306643610786445,0.8974235827575666,68.0,0.2984495105095798,7.0,1.5096141008304333
0.12252096701794704,0.3500299516012123,0.9527499709926812,73.0,0.2683589254296798,6.0,1.2539486279637013
0.1533422013610878,0.3915893274351177,0.9262309801519828,78.0,0.21252523180437882,7.0,1.40490945082889
0.11606921506692477,0.34068932338264546,0.9703451368350554,74.0,0.17670956361274634,7.0,1.2839675500691654
0.16133326200801168,0.4016631200496402,0.9221612928881915,97.0,0.1434038879867364,7.0,1.0976179273750124
0.12473718192329905,0.3531815141301977,0.9610250016091916,74.0,0.2781639300115794,7.0,1.5086524854186683
0.10915225072502356,0.33038197699787375,0.96481372441502,82.0,0.253762256374647,6.0,3.9306825272514905
0.09500103935267658,0.30822238619651976,0.9776252178067388,68.0,0.22172080270459804,7.0,2.972498741294615
0.24563195403071575,0.49561270567925897,0.8569663291330395,86.0,0.2999225910895587,7.0,2.5787105478064585
0.14723906081221358,0.38371742312828794,0.9418667648233648,64.0,0.29409180733434226,7.0,1.7587596808053936
0.1339224521220131,0.36595416669579417,0.9606130435212046,81.0,0.2289297739577999,8.0,1.1718970786594354
0.22854467156839464,0.4780634597711842,0.8575872392182647,69.0,0.27339562744149715,6.0,1.3894557990871927
0.14014506410856165,0.37435953855693543,0.9459611234516249,88.0,0.253044659789737,6.0,1.9438156423873074
0.08889436544405949,0.29815158132074276,0.977791707479582,90.0,0.2597503072052424,8.0,1.8584243760567185
0.08320489481033304,0.28845258676311614,0.9884836631359314,80.0,0.2281770551939094,6.0,1.0395910199684315
0.0736176793592886,0.27132578085999975,0.9892539941905514,79.0,0.24877813760141643,8.0,1.3494028194735628
0.08238559773832164,0.28702891446389445,0.9788674498611222,83.0,0.23561329523574645,7.0,2.3525501643697817
0.09071141079388911,0.30118335079132297,0.9780867810374434,62.0,0.22105982796742538,7.0,1.2282014981567726
0.12311799255805134,0.35088173585704246,0.9615827681246574,73.0,0.2577637025750709,4.0,1.2202357461492765
0.18062830256995416,0.42500388535865663,0.9019115681760085,93.0,0.19838787800714608,7.0,1.4638885850211203
0.1041424896041113,0.322711155066123,0.981723947468592,75.0,0.17412919887024558,7.0,1.257756139321307
0.12088940334798769,0.3476915347660735,0.9660806571161924,87.0,0.28812878763301963,7.0,3.8599452940727366
0.1142739548137524,0.3380443089503984,0.9650500757792471,91.0,0.22977773775143434,6.0,1.824831518532946
0.1247580064727504,0.35321099426936076,0.9436146217857799,85.0,0.1874431548052245,6.0,1.2427793957568745
0.20105299310196842,0.44838933205638204,0.8947397213051317,84.0,0.23490284841592238,7.0,2.828428571015174
0.13673511984660122,0.36977712185396383,0.9468637663005686,86.0,0.16663824268022331,6.0,1.4828362372630703
0.10481496272356636,0.32375139030368094,0.9699894934317506,67.0,0.2216703541928145,6.0,1.2225517595816295
0.15773522519912717,0.3971589419856075,0.9333956195490037,76.0,0.23857623370535955,8.0,2.7326159000683794
0.1838145600591746,0.42873600275597873,0.912888138989144,89.0,0.20395323009587216,8.0,1.2838704106923022
0.08206783344134792,0.2864748391069413,0.9883704652396439,88.0,0.2781693507744834,6.0,1.1706830395830563
0.08609761238472334,0.2934239465086709,0.9783096355327138,96.0,0.17200649243836513,7.0,1.086992470236889
0.14773954825797203,0.3843690261428098,0.9514681892879949,92.0,0.27386729942219407,6.0,3.5505749918846052
0.13369977479949596,0.36564979803015885,0.9468832701575199,60.0,0.19785293934133882,8.0,1.1294495328264151
0.15588851604895565,0.3948271977067381,0.928377561008616,90.0,0.24409274060716057,6.0,1.3751082470792346
0.10878478518127148,0.32982538589573646,0.9769918932568235,93.0,0.1353969472354063,8.0,1.4261386259569435
0.18537961091814362,0.4305573259371435,0.9383928521735477,77.0,0.2815029517424257,6.0,2.983484859169228
0.14583315258017915,0.3818810712514816,0.9699931841100031,93.0,0.28627333644667846,6.0,2.6912217611179856
0.07295295570973319,0.2700980483264053,0.9857055558779435,75.0,0.18898186581167245,8.0,1.5003899147536128
0.11874968922878432,0.3446007678876881,0.974642609036574,70.0,0.29170642989005297,6.0,2.6203431248515963
0.16898810200111197,0.4110816244994563,0.9254068901488314,82.0,0.2823553936155046,8.0,2.047506677669187
0.0957922225542098,0.30950318666244747,0.973213288841554,84.0,0.2132789900880323,5.0,1.3577816234498141
0.08940166781738253,0.2990011167493903,0.9820890034797136,78.0,0.2873395377638609,6.0,1.410219387643165
0.10544781199903691,0.3247272886577858,0.9705040988935661,87.0,0.2689746567952919,5.0,1.0573128356630463
0.11812571527827981,0.3436942176968938,0.9508613929924281,83.0,0.2938635180549319,6.0,2.0503939836589486
0.15155271094321351,0.3892977150500803,0.9372679894634294,97.0,0.22238976830566506,7.0,2.197646686042787
0.1355670364995565,0.36819429178024543,0.9343876086154391,79.0,0.18878548148028426,7.0,1.250680142829931
0.10795608508036718,0.3285667132872214,0.9679806809764617,91.0,0.2800162944284524,5.0,1.450243667791181
0.1408876844625336,0.3753500825396654,0.9470493127978415,87.0,0.2563831888887271,7.0,1.1783237076888358
0.14735510529201826,0.38386860420203456,0.9371735121774855,98.0,0.26925804530826497,8.0,2.479372836477745
0.07239736280810788,0.2690675803736078,0.980779842040396,97.0,0.24560680212896477,7.0,1.9619376759986187
0.21567668478975366,0.4644100395014665,0.8691449066378707,85.0,0.27781870750815896,7.0,1.3573933579914472
0.061779159305544014,0.24855413757478273,0.9878607514309331,76.0,0.21034320301002035,8.0,1.3153501910810208
0.09799062731507611,0.3130345465201503,0.9729610085050944,74.0,0.23107176639507998,7.0,2.0109404954058583
0.1510024407046733,0.38859032502710783,0.9458312202413345,65.0,0.29001197564228137,8.0,2.1741070288604702
0.08291441245156488,0.28794862814669714,0.9787070015137519,93.0,0.2710083289150138,8.0,3.1215152540127913
0.0992606483552824,0.31505657960957173,0.9707204143482674,97.0,0.2973709142738462,6.0,2.607978635101777
0.12987198887019719,0.3603775643269114,0.9423648047365238,65.0,0.15451433375197843,8.0,1.014296342952584
0.11740591981454386,0.3426454724851094,0.959727362087798,93.0,0.139466659175688,6.0,1.4410184425210484
0.1388638950131018,0.37264446193805406,0.9445809446544422,89.0,0.21668038050750474,7.0,1.6207025347481148
0.43176622789437574,0.6570892084750561,0.7533573155083274,70.0,0.2759051667983163,3.0,3.0461893082276976
0.11414068357012655,0.3378471304749036,0.967251066586829,88.0,0.2633827295564288,6.0,1.781081788865569
0.18738072051492818,0.43287494789480274,0.9208895525698768,97.0,0.26162876924233835,7.0,4.130489408662843
0.1762559474675407,0.4198284738646733,0.9124428148144922,82.0,0.26848997249394857,8.0,1.976260654428621
0.11060319732908476,0.3325705899941917,0.9736814945211737,68.0,0.2581519989024987,5.0,3.2549787744307523
0.15655739591558138,0.395673344964734,0.923386172234585,76.0,0.2573937254808659,7.0,1.9094091992592812
0.16775057259719967,0.40957364734220836,0.9878393297590689,85.0,0.25485015264452315,4.0,1.6402373994908177
0.14700713641814167,0.38341509675303825,0.9578733249267679,94.0,0.29123016052305467,6.0,1.5711907948163022
0.16606716497206336,0.4075133923836901,0.9011980670442671,80.0,0.2062635680584437,7.0,2.394032068005968
0.1318322989433551,0.3630871781588481,0.9803416997359384,97.0,0.27810192047255944,8.0,1.1744911072861979
0.12357048462263909,0.35152593733982,0.9534826786177698,95.0,0.171224084188046,8.0,1.848472678080078
0.18598025928169135,0.4312542861024008,0.886128072587958,100.0,0.28384461136347217,4.0,2.0524709279250124
0.19204480096593307,0.4382291648965562,0.9231898200035773,78.0,0.21641839037039462,6.0,1.755955224817775
0.1329135524222666,0.36457310984529095,0.9529502800089208,75.0,0.2696889584622302,5.0,2.7128562998396832
0.08795496331482063,0.29657202045172876,0.9733234765543436,96.0,0.28538053859761614,7.0,1.9943658797457413
0.12942867675683717,0.35976197236066676,0.9772915999968135,52.0,0.25984598430564226,5.0,1.0462124255561913
0.24425133150074482,0.49421789880653333,0.8399005230239117,63.0,0.2381210543398807,6.0,1.7912721413332129
0.22903945762661748,0.4785806699257895,0.8725926896905716,86.0,0.2990620150823764,4.0,1.4491052719138051
0.14336534983290591,0.37863617079315853,0.9368616107806254,100.0,0.2865233761260057,4.0,1.3180920904735696
0.15716464632972024,0.3964399656060426,0.923138990287776,94.0,0.2125248884580358,5.0,2.177635109039071
0.17778755877902566,0.4216486200369043,0.9059696164541182,90.0,0.271960469748112,6.0,2.1306914832627966
0.1449844929396786,0.38076829298101833,0.9589659793064429,90.0,0.22358210146125274,7.0,1.2100775209284875
0.19944307323673996,0.446590498372659,0.9212377412327457,94.0,0.2382393961560756,4.0,1.0411163134033479
0.19997278880870714,0.4471831714283389,0.9391909062850003,89.0,0.18736072423653985,8.0,4.333567062194889
0.19824183167046422,0.4452435644346409,0.8963373707521503,81.0,0.27371470305133716,4.0,1.736008537496811
0.2040434962220095,0.45171174018616067,0.9120694734208802,94.0,0.2677141867484615,8.0,4.263878911669721
0.12804018499028047,0.3578270322240628,0.9501164076125351,83.0,0.26385039764635954,7.0,1.3539618775986342
0.1445938210282392,0.3802549421483424,0.944162774240793,86.0,0.26991343022927683,6.0,1.0805330496914458
0.14265798867273707,0.3777009249032058,0.9499598308999277,87.0,0.2898812731967539,6.0,4.053191799149799
0.1381865280434959,0.371734485948635,0.9230846467144316,79.0,0.20489509612425602,8.0,1.4964075236743888
0.6112356252160963,0.781815595403479,0.6556523461695454,89.0,0.13871087763856746,3.0,1.1298134349832671
0.10457905336138862,0.3233868478484996,0.964835230106062,70.0,0.26630098955161097,6.0,1.3162895294623522
0.1764349501125691,0.4200416052161608,0.9250250697502741,80.0,0.24730390037152714,6.0,1.6675843215186714
0.1586641726664118,0.398326715983766,0.9461417115610532,79.0,0.20288094044563212,4.0,2.030669250209179
0.1990145337021054,0.4461104501153334,0.8708970022156604,100.0,0.23526282071074048,8.0,1.61545784913181
0.12335272569553185,0.35121606696666346,0.9603678936602099,65.0,0.25475360818162024,8.0,1.5983958419764663
0.12272384063997727,0.3503196263984895,0.9488557675375694,77.0,0.27874434499280526,7.0,1.6139164010527263
0.1087640116219909,0.32979389263901004,0.960314321572609,84.0,0.2675133796305635,5.0,1.2429274351286494
0.2339398456073325,0.4836732839503672,0.886800213289979,80.0,0.2622505480552722,5.0,1.0319469940997696
0.15239306054020546,0.3903755378353073,0.9364949312116421,95.0,0.17415758625500088,6.0,1.286614703876508
0.1308813609541578,0.3617752906904475,0.9539344164876236,94.0,0.23513682963624957,7.0,1.6088591086046762
0.15807948722542206,0.3975921116237369,0.9397570223209347,88.0,0.27875021496524494,6.0,1.3210588037620714
0.12479517107072742,0.35326359997985557,0.9502073007572924,94.0,0.24830349736888388,8.0,1.1792964999951163
0.11014286645315441,0.33187778842994964,0.9813208262324449,85.0,0.24706615302270538,7.0,1.2352326966816163
0.18154043905073444,0.42607562597587584,0.9229902325279724,57.0,0.16994382422464632,6.0,1.0360483106351452
0.28807886578666664,0.536729788428653,0.8060980027083339,90.0,0.24563758374103659,7.0,1.7482145973072454
0.2887094184997501,0.5373168697330748,0.8042370829232426,85.0,0.2456515488135354,8.0,1.6074818833103577
0.7132973258681496,0.8445693138328847,0.5917617206459751,59.0,0.17021953299679202,3.0,1.1594275776886254
0.08544682544596721,0.2923128896336376,0.9763459085003359,95.0,0.2534881257386115,6.0,1.566600744210959
0.253098192581671,0.503088652805518,0.8822642864131199,98.0,0.2703972821867726,5.0,1.693407059203957
0.24505479987936893,0.49503009997309144,0.8778939929252391,80.0,0.2595276882295684,8.0,1.65338401921471
0.08022594280841985,0.28324184508723255,0.9869477577844941,83.0,0.2635179049331298,8.0,1.5208005165903766
0.14277425925457016,0.37785481240096724,0.953644590395697,100.0,0.25840920153039265,6.0,2.086618738499686
0.275613517016736,0.5249890637115557,0.9644154690244447,98.0,0.26122959225039927,8.0,1.873768760683335
0.1923965997410946,0.4386303680105774,0.9014296216654795,99.0,0.29119870604522285,5.0,1.2421136438542701
0.3185715214036707,0.5644214040977457,0.8109648549367203,89.0,0.2780700111984535,6.0,1.511603045645764
0.30731271766522816,0.5543579328062584,0.8244890914807613,99.0,0.29285850632704463,4.0,3.9372658679718375
0.08870963350086589,0.2978416248627211,0.9753600384138768,96.0,0.2528690671037523,5.0,1.4211305227641182
0.16777691605149078,0.40960580568577243,0.9566635004669337,85.0,0.29371428533963245,4.0,2.6670251292740006
0.09581077321055118,0.3095331536532899,0.9735068955564958,78.0,0.2174775526393558,7.0,1.600783302495949
0.1950466310453171,0.4416408394219415,0.8979217983378429,87.0,0.1176608912600508,7.0,2.0213331191843427
0.20100348134365015,0.448334117978601,0.9009191009934266,97.0,0.2798227558565625,5.0,1.9056937453239038
0.1281017698620074,0.35791307584664656,0.9514667205739032,100.0,0.14624509498186283,8.0,1.0071741983677227
0.13254608283405794,0.3640687886019041,0.9519055667556338,65.0,0.23897235139730238,5.0,1.1310965348390627
0.11928077806454236,0.3453704939113102,0.9608319987711041,94.0,0.15912107513976384,6.0,1.5648196756544253
0.1623148625961079,0.40288318728399164,0.9177527027953536,94.0,0.2426452153318863,6.0,2.1832494884947824
0.5275552102504621,0.7263299596261069,0.6856740752649169,58.0,0.28324205894401133,4.0,1.1349711465510124
0.18750194137966555,0.4330149435985617,0.8876236005778939,69.0,0.23983760524424078,7.0,1.4831570290962595
0.1354621698398704,0.3680518575416654,0.9526503361971114,81.0,0.18739840218989923,6.0,1.583644681166894
0.16946642667713893,0.4116630013459297,0.9735338529726277,63.0,0.26086356118991894,4.0,1.4990686437687293
0.10098199337354577,0.3177766406983776,0.9657208265318706,88.0,0.29140723175464983,8.0,2.1396391043430385
0.18706986797381966,0.432515743035811,0.9032656042030619,94.0,0.27367930248699496,6.0,1.6727384656373734
0.20966828846275692,0.45789549950043945,0.9554640740640916,79.0,0.23983286109563023,8.0,1.7611187040060976
0.15770566669748823,0.39712172780834876,0.9280914297618467,99.0,0.2492378333921718,7.0,3.258671243079099
0.19321338416437697,0.43956044426719854,0.8906640940137789,92.0,0.2055028755982593,7.0,1.6210242578973233
0.15037838660435257,0.3877865219477755,0.9351341469325523,88.0,0.24163611789311434,5.0,2.3090868421095765
0.19381047660728135,0.44023911299120316,0.9457798992621266,79.0,0.20961925943484327,7.0,1.4153884148628921
0.17407052928820665,0.41721760424052895,0.9800813457554187,92.0,0.2638375219654538,8.0,1.1193636207750477
0.06630316305441937,0.257494005861145,0.988394932439754,57.0,0.24926334165365094,6.0,1.1372219404040917
0.15504503433777933,0.3937575832130466,0.9750962703954583,99.0,0.2514940474255074,7.0,1.1667763909195359
0.3823178135114508,0.6183185372536155,0.7280151708443197,81.0,0.2930550998436637,6.0,1.8149728566792043
0.10130230846291058,0.31828023574031516,0.9725871237105036,69.0,0.2137651925769035,5.0,1.0968132397888413
0.08891037384750361,0.29817842619395457,0.9821022467177212,90.0,0.2627651489885001,6.0,2.259973169979175
0.7862351356077752,0.8866990107177154,0.5603183831001567,69.0,0.2987247175818582,4.0,1.5815992498731377
0.3879205188991826,0.6228326572195637,0.779352658466893,84.0,0.2336190106076814,3.0,1.1568891263081968
0.16918096612178793,0.41131613890265467,0.9395412575550319,69.0,0.20441300757984462,4.0,1.1125960837981346
0.19838177142425878,0.4454006863760526,0.8814357892087188,100.0,0.29354232089215937,5.0,1.6754519648597057
0.1177756759535525,0.3431846091443387,0.9620719982764967,79.0,0.17824230973403607,8.0,1.2813582627816458
0.29438362857123895,0.542571311968518,0.8066821342685687,71.0,0.2061375325241143,6.0,1.2428281716167835
0.17866500071177144,0.42268782891369305,0.9528869212300486,85.0,0.29281979965618743,4.0,2.407053811275013
0.1653596703677791,0.4066444028482122,0.906542860760896,79.0,0.16768495999751185,7.0,2.5842121112741547
0.11810413006774644,0.3436628144966319,0.9656664705384731,64.0,0.246906753771966,4.0,1.2281800930137265
0.08859118113094706,0.297642707169094,0.9830010066035877,66.0,0.23318578888304564,6.0,1.3846342178376625
0.13249581479460365,0.36399974559689413,0.9567613356850169,82.0,0.19815376610154295,7.0,2.7505178319762784
0.13020100535056692,0.360833764149874,0.9502354406231648,95.0,0.2763355160530374,8.0,1.3625879612721032
0.1814698370506599,0.4259927664299711,0.8949322056751049,97.0,0.24668483953121567,6.0,1.509629699114206
0.13400477328905563,0.36606662411240887,0.947275516476781,99.0,0.2422030455229014,8.0,4.842969649381791
0.17150381073647786,0.41413018573448357,0.9158281047214495,96.0,0.1409839146643841,6.0,1.3531180514286976
0.14108574338027474,0.3756138221368787,0.9471861706993756,95.0,0.18899497761032497,6.0,2.3961749297939083
0.12107092320683792,0.34795247262641765,0.9468642182048517,90.0,0.1620762401983901,7.0,1.3750482865497404
0.11303579415443969,0.3362079626576975,0.9614581996427193,77.0,0.27974066595810965,6.0,1.4255579351291563
0.2378787217878885,0.4877281228183264,0.8525023814375307,82.0,0.2218319752056776,4.0,1.093846162742679
0.15448531316142333,0.3930461972356727,0.9468470576714689,53.0,0.17303396673478458,7.0,1.116905976337087
0.08669814405220785,0.29444548570526236,0.9843408617552135,85.0,0.2380170808898508,7.0,2.478038908148663
0.17015606122209748,0.4124997711782365,0.9083703294337784,86.0,0.25111775109576007,7.0,1.6790400815324866
0.4094907897336481,0.6399146737914736,0.7574746706933346,94.0,0.243362237213528,4.0,3.8745852841038637
0.1424501960726517,0.3774257490853687,0.9766131883056649,99.0,0.29403576526120495,3.0,1.1291448736944423
0.1697739083882076,0.41203629498893374,0.9146303943600682,96.0,0.2596747074856981,7.0,1.6758141300897913
0.18289821346599192,0.42766600690958817,0.913207049121884,90.0,0.2592051327470728,3.0,1.0534526978095853
0.09884067794690857,0.31438937314564014,0.9833171408020294,93.0,0.21434713181107298,3.0,1.1481711940009398
0.1205188095867987,0.3471581910121072,0.9573656384542244,84.0,0.24303450936490417,8.0,1.1633196377564654
0.1285906596299475,0.3585953982275114,0.9450869597696356,80.0,0.2761251980117306,7.0,2.609181555347427
0.12082718113263313,0.34760204420088375,0.970863781547337,93.0,0.24520228751874468,5.0,1.4844986269455471
0.19468328092908652,0.44122928385260934,0.9204657069503812,97.0,0.1586169742287175,8.0,1.0838999027260345
0.12839211320061958,0.3583184522189997,0.9413856955310396,65.0,0.21234592571036867,8.0,1.2090676553617743
0.06922676198683106,0.26310979074681173,0.9891059559814764,94.0,0.2699837055121471,4.0,2.172292630726214
0.10994498925804387,0.33157953685057806,0.9653843838284628,60.0,0.217413157874258,8.0,1.1638967192033514
0.15837401989070476,0.3979623347638628,0.9234467096902061,94.0,0.23756150565543663,8.0,2.8859638613278666
0.1378946550957518,0.3713416958755801,0.9718636723304911,95.0,0.2205804893500808,6.0,1.3274103317355168
0.12573687555429286,0.3545939587109358,0.9615103433168158,62.0,0.2713306357519191,6.0,1.6266592506895696
0.13854459399443003,0.37221578955550777,0.9487892850193216,52.0,0.21442360533000485,8.0,1.8954704963042577
0.1864114574561171,0.4317539316047013,0.9137704410135742,84.0,0.17100874593883358,8.0,1.2223078020272453
0.24588411849477887,0.4958670371125498,0.8764286905925545,90.0,0.27539383877085416,5.0,1.0257471355693997
0.1259949903233929,0.35495773033333544,0.9583696790381543,89.0,0.264123231723258,4.0,1.4790448841514887
0.14417569593098592,0.3797047483650763,0.9383136606219422,96.0,0.25118281339218934,5.0,1.51134439785629
0.19994166601812252,0.4471483713691939,0.8872501707078301,70.0,0.26512057358059654,8.0,2.5144802291154145
0.17056459238776786,0.4129946638732368,0.9461901564123907,87.0,0.25610136908059855,7.0,3.1653905767490516
0.0991210833478607,0.3148350097239198,0.9759102291254961,86.0,0.24601142439074794,8.0,2.5827297866185637
0.10572898973214699,0.3251599448458358,0.9833831842377617,94.0,0.19570438914337684,8.0,1.2896853537778998
0.11384585781995107,0.33741051824143103,0.9621313530618291,92.0,0.20388347990821004,7.0,1.1198326645237784
0.23795345031935786,0.48780472560170823,0.8890544710447282,67.0,0.20379271380390568,5.0,1.1338858842140458
0.09657672815463325,0.3107679651357798,0.9766240869952394,88.0,0.253464582978037,6.0,1.259466634862521
0.13652716727486364,0.3694958284945361,0.9482220309516445,63.0,0.26336378855409454,7.0,2.0602284765494887
0.06345835674769716,0.2519094217128394,0.9902604258177702,82.0,0.284064121353587,7.0,1.7239154472873834
0.3104669236006492,0.5571955882817533,0.813484460335416,100.0,0.22737178901771452,7.0,4.011927642924974
0.09434956612321448,0.3071637448059495,0.965547647308602,95.0,0.18314776460619195,8.0,1.8766599356321878
0.15956165950123602,0.39945169858349083,0.917353088984455,88.0,0.2093346906422547,6.0,1.6470990442007016
0.1073660544279067,0.3276675974641171,0.972962054541946,69.0,0.2608633735901134,4.0,1.4948516916387558
0.09462950304849846,0.3076190875880404,0.9759746592803206,82.0,0.26625243773329715,6.0,1.217212113360831
0.10619829145585798,0.32588079332151193,0.969230070773447,92.0,0.2030352416665149,7.0,1.0793794330274293
0.12954880359781326,0.35992888686213176,0.9427578510826407,86.0,0.29936490970982393,8.0,1.3422311022829447
0.08131010495286523,0.28514926784557104,0.9644020463928189,100.0,0.2723587479652003,7.0,1.2257072855917572
0.12775769891840758,0.3574320899393444,0.9589385330756737,93.0,0.2455507456814955,6.0,1.8215265015129833
0.17533266411464965,0.4187274341557401,0.9690625929681926,78.0,0.2943888966479635,7.0,1.117291213874275
0.49762746613841496,0.7054271515460792,0.6301019384386952,98.0,0.29040089325362095,7.0,1.5774623237634717
0.19589135802412433,0.4425961568112904,0.910657204130859,100.0,0.2836471468242247,5.0,1.3318915097349282
0.12432664613941191,0.3525998385413866,0.944457004608036,76.0,0.2830647712159677,7.0,1.511419953320142
0.23723797881144587,0.4870708149863281,0.8579844969281598,92.0,0.23826041941497506,8.0,1.4419584750374739
0.08829597614910853,0.29714638841673396,0.9769665491816664,91.0,0.25000543948495585,6.0,1.2858292084503193
0.14112692135649374,0.37566863238297354,0.9376133937238762,63.0,0.18782731863922064,7.0,1.817718277067976
0.15921211550327122,0.3990139289589666,0.9402315118330674,69.0,0.20087342690286147,6.0,1.7030830235868137
0.21735719104151568,0.46621582023942054,0.9319036469661673,81.0,0.25908870023137803,6.0,1.7302420652195016
0.20510061406468755,0.4528803529241333,0.8791806425540456,100.0,0.24055556564485464,4.0,1.3890385318252996
0.09822841649376071,0.31341412937798563,0.9658942632888167,97.0,0.1387278003319785,8.0,1.388189055219331
0.24974042859933523,0.49974036118702203,0.9542978299648486,60.0,0.22859928808151508,6.0,1.7533219389877348
0.27119842536457883,0.5207671508117412,0.9278358148797461,62.0,0.2953450719594656,3.0,1.265872358351042
0.10911600833752982,0.3303271232241304,0.9585687284741942,70.0,0.2855011670910861,8.0,3.28121168592087
0.10599374558528878,0.32556680663926535,0.9599541192952312,94.0,0.18505649150224673,5.0,1.6170628643010048
0.11430309335186176,0.33808740489977107,0.9743647411931484,99.0,0.2471690844483046,7.0,3.715667553271621
0.10719781081883585,0.32741076771974964,0.9690242709871614,81.0,0.21499569823707848,7.0,2.614006635646354
0.06746031541728521,0.2597312368916862,0.9889478412515755,68.0,0.17181364086391068,6.0,1.0818533713215133
0.2248179468309957,0.47414970930181505,0.8930976344668644,56.0,0.21908474595357413,8.0,1.0344076821309192
0.13815282845661703,0.3716891556887516,0.9359106801228363,85.0,0.16495147957069425,8.0,1.7134308500767639
0.15949206228480403,0.399364573146898,0.9336754256856106,93.0,0.2784588562464079,6.0,1.1645390137165381
0.17159641636619938,0.4142419780348189,0.9271566313617514,97.0,0.24292954515997423,8.0,2.200117092007547
0.1972314729645589,0.44410750158554957,0.8932978084391858,78.0,0.14813673658081286,7.0,1.4757808244547737
0.10420661788956781,0.3228104984190691,0.9696144907834195,77.0,0.24885390326001508,8.0,1.9119827653098787
0.3117380529992996,0.558335072334973,0.8806504888066597,98.0,0.21860791484749192,7.0,1.9500626138563724
0.10764960039676413,0.3280999853653824,0.9894017752545348,81.0,0.13708820310883094,8.0,1.4578998016904339
0.3032689681659331,0.5506986182713128,0.8146132631739904,97.0,0.25685568188707364,4.0,3.1375350282719072
0.0946247251519734,0.307611321560136,0.9721382583867981,69.0,0.21305746554866026,6.0,1.4445153870860032
0.44655749453415805,0.6682495750347754,0.7204492222652761,99.0,0.25740099480069767,5.0,4.355708763238868
0.0986241765711768,0.3140448639465018,0.9789482926234658,94.0,0.21387041715944727,7.0,1.2589845940564268
0.17867869358005653,0.4227040259804211,0.9439379207152983,93.0,0.24363429191943617,8.0,4.591245206191858
0.13741927865955123,0.37070106374213607,0.9440405795931213,83.0,0.18961995460836467,7.0,1.1517812999519217
0.12333432094808285,0.35118986452926404,0.9735557708034395,86.0,0.23828276673558282,6.0,2.678029587614446
0.09876371502770125,0.314266948672146,0.967884489741316,95.0,0.27505756396754066,5.0,1.1591175031966099
0.16280107922242668,0.40348615741116406,0.9354265360926741,70.0,0.157174011574418,5.0,1.150961207736649
0.14005746421367674,0.3742425205848164,0.9584937560375241,88.0,0.1636928754235426,7.0,2.7095625736363065
0.4351422949177348,0.6596531625920813,0.7221673201425677,96.0,0.16247961286192092,8.0,1.317871456548898
0.0717238748185892,0.2678131341413061,0.9841874416721184,92.0,0.18697624766222531,7.0,1.6173714685775615
0.17101022963582865,0.41353383130746224,0.9459681181348488,91.0,0.29711514732224664,7.0,3.2314180682881477
0.20165867129978146,0.44906421734511587,0.879915188720031,62.0,0.28532094062142893,8.0,1.7368423775470077
0.14970668355117453,0.3869194794155168,0.9310418618716165,84.0,0.2075785720168722,6.0,1.4282845158181754
0.17700122129575832,0.4207151308139016,0.9419262415795178,95.0,0.2365226801451888,8.0,1.0040340679634197
0.08967958141339438,0.29946549285918467,0.9779053367168535,91.0,0.2738802599625608,6.0,1.6100427392355376
0.12878692366582115,0.3588689505457684,0.958468823540377,98.0,0.2983783600670017,5.0,2.7596536052740994
0.16874658268426765,0.410787758683566,0.9013070642183434,67.0,0.16917984167876585,8.0,1.0984185572760174
0.2441826046605439,0.4941483630050229,0.8452526287778503,92.0,0.24441070038052048,4.0,1.6079450036838878
0.11929347060096838,0.34538886866974794,0.9728234803505604,96.0,0.23225115179162467,7.0,1.0296389141561386
0.11484150454788741,0.33888272978699785,0.9635036901806963,90.0,0.24506610013816854,7.0,2.974352827273371
0.09317745442129256,0.3052498229668488,0.9753346279033108,75.0,0.2014227053594074,8.0,1.9992498542437196
0.22013956226297626,0.4691903262674714,0.8921332717442336,81.0,0.29967345898793035,7.0,1.5177186307691797
0.12808587969670063,0.3578908768000389,0.9430556349414625,73.0,0.22887385288336362,8.0,2.0650776598820375
0.20362586823597675,0.4512492307317285,0.8834197746368888,81.0,0.28920863040094213,4.0,1.6100426011016973
0.1556451221271469,0.3945188488870296,0.9399367406625623,83.0,0.275513643930904,8.0,1.7604950092084484
0.1499215169653836,0.3871970002019432,0.9488246927504923,96.0,0.2563972564274612,7.0,2.1625527606511032
0.14128731079400314,0.3758820437238299,0.941834818246605,91.0,0.19987211929528356,4.0,1.6885082862515959
0.15413095278000713,0.392595151243628,0.9580334794411738,87.0,0.282796309081589,4.0,1.7666326828727896
0.11594816506409329,0.3405116225095603,0.9688494445262732,94.0,0.25247951787032413,3.0,2.455061871469124
0.34233267867417305,0.5850920258166001,0.7822319474243986,70.0,0.2306991815890142,3.0,2.958160541912662
0.24897679287316482,0.49897574377234494,0.9109417046454708,63.0,0.29266980686817834,4.0,1.7213535962887416
0.12960734728067647,0.36001020441187004,0.9639287404541748,85.0,0.27173066515483135,8.0,2.8261836398021676
0.11161335911864478,0.33408585590929285,0.9607662717647923,78.0,0.23290389841180267,7.0,1.736355730994375
0.09530256053434301,0.3087111279729693,0.9726331678697375,87.0,0.08552956823378799,8.0,1.0472964793084563
0.25863094980830337,0.508557715316859,0.8723859050494929,89.0,0.26283910151226836,8.0,2.8980879890162203
0.39704713374076683,0.6301167619900035,0.750036791310409,74.0,0.26379119395732875,7.0,1.337631580356128
0.12634030905999308,0.35544381983654333,0.9746828450332201,77.0,0.2933351786577182,8.0,3.330533417325141
0.2581845759352456,0.5081186632424021,0.8339898777245707,90.0,0.286584797592053,7.0,1.9018489614598841
0.24525066022085712,0.49522788715989846,0.8446678922992212,70.0,0.24587514993103904,6.0,1.15305059638465
0.23947330978737036,0.48936010236570204,0.8585543935805342,89.0,0.2724588964395477,6.0,1.5530413490242934
0.084849745972205,0.29128979723327936,0.9742168110171376,70.0,0.20810991850310365,6.0,1.2329351138365965
0.12556270122770902,0.35434827673873204,0.9611006515542315,99.0,0.17851961329078164,7.0,2.0715928030416197
0.0567518252376146,0.23822641591060928,0.9932104236687748,68.0,0.22921227416690335,7.0,1.420795820979246
0.18209309667088674,0.4267236771857015,0.91042510980054,61.0,0.16963557340800992,6.0,2.2815139623002167
0.12399798385482293,0.35213347448776144,0.9476658542272894,94.0,0.25947429472781447,8.0,1.7804752815014038
0.10199692389726085,0.31936957259147414,0.9712945598798595,66.0,0.21487161637864005,6.0,1.687924617023839
0.19852775539133838,0.44556453560773707,0.9132598823905171,88.0,0.2070719866187436,5.0,1.0865492447873106
0.06870498992863144,0.2621163671513693,0.9894203848104396,90.0,0.22913770226325636,8.0,2.2440563450375914
0.17188177089102055,0.4145862647158255,0.9455241131353477,95.0,0.20351987807785732,6.0,1.777947127364814
0.2826668427761538,0.5316642199510456,0.80803906085952,96.0,0.29394911204868307,8.0,4.386980037930854
0.10954360303217026,0.330973719549106,0.9671711123161051,69.0,0.2885792024409542,4.0,1.7897405457964304
0.2005548911270204,0.447833552926777,0.9139305695842024,80.0,0.299743532428999,6.0,2.8837721752286996
0.11474603761066639,0.3387418450836365,0.9679730760928011,97.0,0.19897003665915192,7.0,2.1096185855552716
0.18533222217583753,0.43050229055817757,0.9057076831993699,98.0,0.25010963711761924,8.0,2.3453901930947123
0.16092617815788782,0.4011560521267102,0.9333797102259792,94.0,0.12910238983312797,7.0,1.4425173172911712
0.25090590934048257,0.5009050901522988,0.8556483787297471,84.0,0.2619189838905698,5.0,1.8544116016352632
0.33880491891342,0.5820695138155064,0.7993221299481776,92.0,0.29329821413382023,5.0,1.4466190130559808
0.13692146560298568,0.3700290064346114,0.936796073135885,86.0,0.18981501959697183,8.0,2.2999120322858952
0.1204960326158716,0.34712538457432296,0.9610548161483478,87.0,0.14628936081333765,7.0,1.5045248391756103
0.126734627163657,0.35599807185384724,0.9391209781843097,88.0,0.22219996520368793,8.0,2.14728319370905
0.11061169334534378,0.33258336300143426,0.9731824350953862,89.0,0.12195655414164774,7.0,1.2260731717516409
0.08839016679065002,0.2973048381554697,0.9752661729586135,83.0,0.2687372479680469,8.0,1.017975464143206
0.20895370047814366,0.45711453759221404,0.8789734539968016,95.0,0.22991363416644492,7.0,4.201684564552205
0.24382456275036068,0.4937859483119793,0.8996287096670559,75.0,0.2920288630022331,7.0,4.748333502884114
0.11344272085007986,0.3368125901003106,0.9701057065512236,97.0,0.18793413982000146,6.0,1.4717661040519414
0.129651503562805,0.36007152562068134,0.9401919169090865,86.0,0.22676539340464386,8.0,1.2462819050560037
0.0906498677705679,0.30108116475556534,0.9772436753690007,79.0,0.20272450732393543,8.0,1.4810596764401356
0.0680562884519268,0.2608760020621421,0.9895201914333734,99.0,0.1899329867416067,7.0,1.1242342116619914
0.09581196680261438,0.30953508169933563,0.9660251566327349,77.0,0.2559444607744665,7.0,1.2208816739745623
0.19051019767214586,0.4364747388705856,0.912273375759257,89.0,0.25937873414905294,8.0,1.7112702563923103
0.10622443992272998,0.3259209105331077,0.9841834466676028,78.0,0.25887684902053626,6.0,1.744647771261429
0.11477243673757553,0.3387808092817176,0.9628379084747012,92.0,0.25103815597095386,7.0,1.7319902946958923
0.1923196806756327,0.4385426782830067,0.8897242461816892,97.0,0.21312393142748806,5.0,2.062243565835772
0.307419808519504,0.5544545143828338,0.8027887869282806,81.0,0.2222751271405615,4.0,2.056638011042756
0.12235580106529195,0.34979394086417787,0.9462009548974039,88.0,0.18161741737435652,8.0,2.2671370537286997
0.2066414421949067,0.45457831249951497,0.9243714366765862,86.0,0.2223042658316187,7.0,1.3635373854515378
0.10228846146439076,0.3198256735541891,0.9742472319046207,78.0,0.22912464112898123,5.0,2.324803234099147
0.13058022365377842,0.3613588571680213,0.9733620650342778,98.0,0.1562734952340258,6.0,1.2574741547692552
0.1010564506253911,0.3178937725489304,0.9814439826458302,77.0,0.23624549516205182,7.0,1.3103026687954387
0.164341587634769,0.4053906605174433,0.9034584505420429,83.0,0.17278008342204917,8.0,1.3181693615362429
0.14999071691015423,0.3872863500178572,0.9284994941777808,59.0,0.25648945070943235,5.0,1.334974626710495
0.11117473581070379,0.33342875672428707,0.9656785971584975,86.0,0.26119416915861154,5.0,1.0557560776774935
0.08461004321641216,0.2908780555772679,0.9911125707470267,86.0,0.16624083002928047,7.0,1.3224510222522023
0.2244629262649354,0.4737751853621456,0.880303305992044,76.0,0.2645604568669166,7.0,1.540265614577168
0.23586619820773333,0.4856605792194105,0.9173117975374219,94.0,0.29139789079549805,6.0,2.1654058181340607
0.13491726896534903,0.36731086148567543,0.9592629489434388,89.0,0.273884743910877,5.0,1.9053287252778364
0.08150978479899314,0.28549918528604096,0.9791416223796809,73.0,0.2623891263795278,8.0,2.1890951789587696
0.11736390872281156,0.3425841629772333,0.9589977285752364,86.0,0.1854236299155242,6.0,3.6502514083772115
0.1245370600316937,0.35289808731657035,0.9676032504695448,52.0,0.2614408550848343,7.0,1.4322176050148117
0.09734215366182129,0.3119970411106831,0.9625838123960219,90.0,0.23358027938279471,8.0,1.4614158981790464
0.10424368175415175,0.3228679013995534,0.964569131253151,94.0,0.22805928802152647,8.0,3.0566088425091125
0.2219932042153893,0.4711615478956122,0.8633067500235725,89.0,0.1825396138122563,6.0,1.9734862731677838
0.392669755316598,0.6266336691533563,0.8165760820313382,98.0,0.2212631965888965,3.0,1.894114268075773
0.10766521778813722,0.32812378424633776,0.9591350730022832,66.0,0.18820105386143213,7.0,1.6876519843198496
0.16093054886542688,0.4011614997297558,0.9239820101552537,80.0,0.25235515609131143,6.0,1.7174228126791955
0.10667944520480753,0.3266181948465326,0.9639164388645052,82.0,0.13126745143171406,6.0,1.0067049499574803
0.11827668447928577,0.343913774773977,0.9719595995270445,77.0,0.1992552085488107,3.0,1.6920487737800505
0.10330608169420807,0.3214126346213043,0.9687699591592304,87.0,0.269866877814194,5.0,2.283080159951893
0.23215589701375636,0.48182558775324125,0.8865362206060851,85.0,0.2906018401099523,8.0,1.2288460829497572
0.104539008196854,0.3233249266556075,0.953183946318699,75.0,0.15368947722190812,7.0,1.4952273066203254
0.12830680596204722,0.3581993941396987,0.9566613910288188,90.0,0.2758995324671137,7.0,1.6149231900681584
0.19192962575615571,0.4380977353926355,0.8982347502110886,63.0,0.2768982097492737,7.0,1.012511248929175
0.29050870227025616,0.5389885919667096,0.827566604564222,99.0,0.20583398581065152,7.0,1.6508642816826298
0.18843735799745645,0.43409372029258436,0.8824446421229675,92.0,0.1572981290143622,5.0,1.133363376535839
0.1804728181441422,0.4248209247955451,0.9707756194570408,97.0,0.2637043766035657,8.0,2.792760279784395
0.5421421160673554,0.736303005607987,0.6738988023045727,70.0,0.19632197805716617,4.0,1.1688581931477298
0.1698433114082329,0.41212050593028354,0.9206670559911987,89.0,0.2460918094593833,6.0,1.8728978645812386
0.1546285007035469,0.39322830608127246,0.9301977575811974,79.0,0.2679789128302377,8.0,1.5435128209164146
0.08627549658717741,0.29372690817692787,0.9762242328485107,76.0,0.21462083956230865,7.0,1.1573954102373327
0.14681146317861832,0.3831598402476678,0.917816705309956,100.0,0.22864558684111222,8.0,2.0934742903391634
0.12564381499669625,0.3544627131260723,0.9692750117773692,80.0,0.23533684481511938,8.0,1.9711357909587939
0.22563293978005683,0.4750083575896921,0.8641190377966779,76.0,0.19623457778982745,5.0,1.0608367852727643
0.15565446510165837,0.39453068968289196,0.9133761019724884,94.0,0.15088166822056961,6.0,1.2841759853333463
0.09981699605571494,0.3159382788705967,0.9716353291906907,85.0,0.22380674586564173,8.0,2.4680029996048303
0.17662536290561162,0.4202682035386589,0.9665697269906743,84.0,0.2275051426268594,6.0,2.023387953907769
0.12298008157637673,0.3506851601884185,0.9735723923354684,78.0,0.19416278229242298,5.0,1.5710324141847045
0.25309900288614473,0.5030894581345794,0.9444420827860455,97.0,0.25477967848084754,5.0,1.5672356563311776
0.11773307383002814,0.3431225347161392,0.9800785462123811,95.0,0.186916292024638,6.0,1.3681982471862812
